Workbook

Sheet README
A1: CUSTOMER CHURN ANALYSIS
A2: Purpose | B2: Analyze customer churn patterns and identify higher-risk contracts, regions, tenure groups and customer types.
A3: How to use | B3: Replace or extend the records in Customer_Data while keeping the same columns. Analysis and Dashboard formulas use that data.
A4: Included | B4: Customer-level data, churn KPIs, churn by contract, region, tenure, customer type, revenue at risk and data-quality checks.
A5: Project title | B5: Customer Churn Pattern Analysis Dashboard
A6: Note | B6: No detailed project brief or dataset was provided, so realistic sample data is included to demonstrate the analysis.

Sheet Customer_Data
A1: Customer ID | B1: Join Date | C1: Region | D1: Customer Type | E1: Contract | F1: Tenure Months | G1: Monthly Charges | H1: Support Tickets | I1: Payment Method | J1: Churned | K1: Churn Date | L1: Revenue at Risk
A2: C0001 | B2: 45729 | C2: North | D2: Individual | E2: One Year | F2: 17 | G2: 38.97 | H2: 0 | I2: Card | J2: No | L2: 0
A3: C0002 | B3: 46115 | C3: South | D3: Individual | E3: One Year | F3: 4 | G3: 37.86 | H3: 1 | I3: Card | J3: No | L3: 0
A4: C0003 | B4: 45218 | C4: West | D4: Individual | E4: Two Year | F4: 34 | G4: 37.47 | H4: 4 | I4: Card | J4: No | L4: 0
A5: C0004 | B5: 45922 | C5: South | D5: Individual | E5: One Year | F5: 11 | G5: 56.13 | H5: 2 | I5: Direct Debit | J5: No | L5: 0
A6: C0005 | B6: 45201 | C6: South | D6: Small Business | E6: One Year | F6: 34 | G6: 98.94 | H6: 2 | I6: Bank Transfer | J6: No | L6: 0
A7: C0006 | B7: 45374 | C7: South | D7: Individual | E7: One Year | F7: 29 | G7: 52.54 | H7: 5 | I7: Direct Debit | J7: No | L7: 0
A8: C0007 | B8: 46101 | C8: North | D8: Individual | E8: Monthly | F8: 5 | G8: 41.2 | H8: 0 | I8: Direct Debit | J8: No | L8: 0
A9: C0008 | B9: 45188 | C9: East | D9: Small Business | E9: One Year | F9: 35 | G9: 109.45 | H9: 7 | I9: Bank Transfer | J9: No | L9: 0
A10: C0009 | B10: 44966 | C10: West | D10: Enterprise | E10: One Year | F10: 42 | G10: 151.64 | H10: 2 | I10: Bank Transfer | J10: No | L10: 0
A11: C0010 | B11: 46004 | C11: East | D11: Individual | E11: Two Year | F11: 8 | G11: 47.2 | H11: 0 | I11: Bank Transfer | J11: No | L11: 0
A12: C0011 | B12: 45041 | C12: East | D12: Individual | E12: One Year | F12: 40 | G12: 48.53 | H12: 5 | I12: Bank Transfer | J12: No | L12: 0
A13: C0012 | B13: 45730 | C13: East | D13: Enterprise | E13: Monthly | F13: 17 | G13: 189.21 | H13: 2 | I13: Card | J13: No | L13: 0
... A15: C0014 | B15: 46154 | C15: East | D15: Individual | E15: One Year | F15: 3 | G15: 52.24 | H15: 2 | I15: Direct Debit | J15: No | L15: 0
A16: C0015 | B16: 45163 | C16: West | D16: Small Business | E16: Monthly | F16: 36 | G16: 78.52 | H16: 3 | I16: Bank Transfer | J16: Yes | K16: 45620 | L16: 78.52
A17: C0016 | B17: 45333 | C17: North | D17: Individual | E17: Monthly | F17: 30 | G17: 40.76 | H17: 2 | I17: Direct Debit | J17: Yes | K17: 45735 | L17: 40.76
A18: C0017 | B18: 44964 | C18: West | D18: Individual | E18: One Year | F18: 42 | G18: 66.1 | H18: 1 | I18: Bank Transfer | J18: Yes | K18: 45993 | L18: 66.1
A19: C0018 | B19: 46122 | C19: North | D19: Individual | E19: Monthly | F19: 4 | G19: 46.79 | H19: 2 | I19: Direct Debit | J19: Yes | K19: 46172 | L19: 46.79
A20: C0019 | B20: 45033 | C20: East | D20: Individual | E20: One Year | F20: 40 | G20: 64.8 | H20: 3 | I20: Card | J20: No | L20: 0
A21: C0020 | B21: 45912 | C21: South | D21: Small Business | E21: One Year | F21: 11 | G21: 105.55 | H21: 1 | I21: Bank Transfer | J21: No | L21: 0
A22: C0021 | B22: 45591 | C22: South | D22: Individual | E22: One Year | F22: 22 | G22: 59.31 | H22: 3 | I22: Card | J22: No | L22: 0
A23: C0022 | B23: 45062 | C23: East | D23: Individual | E23: One Year | F23: 39 | G23: 66.13 | H23: 5 | I23: Direct Debit | J23: No | L23: 0
A24: C0023 | B24: 45811 | C24: South | D24: Individual | E24: Monthly | F24: 14 | G24: 42.2 | H24: 4 | I24: Card | J24: No | L24: 0
A25: C0024 | B25: 46185 | C25: North | D25: Enterprise | E25: Monthly | F25: 2 | G25: 192.96 | H25: 6 | I25: Card | J25: No | L25: 0
A26: C0025 | B26: 46067 | C26: East | D26: Individual | E26: One Year | F26: 6 | G26: 66.61 | H26: 1 | I26: Direct Debit | J26: No | L26: 0
A27: C0026 | B27: 45356 | C27: North | D27: Individual | E27: One Year | F27: 29 | G27: 50.66 | H27: 4 | I27: Direct Debit | J27: No | L27: 0
A28: C0027 | B28: 46185 | C28: South | D28: Enterprise | E28: Monthly | F28: 2 | G28: 146.7 | H28: 4 | I28: Bank Transfer | J28: Yes | K28: 46219 | L28: 146.7
A29: C0028 | B29: 45383 | C29: East | D29: Individual | E29: Monthly | F29: 28 | G29: 43.58 | H29: 0 | I29: Bank Transfer | J29: No | L29: 0
A30: C0029 | B30: 46208 | C30: North | D30: Enterprise | E30: Monthly | F30: 1 | G30: 201.73 | H30: 0 | I30: Direct Debit | J30: No | L30: 0
A31: C0030 | B31: 45540 | C31: North | D31: Small Business | E31: One Year | F31: 23 | G31: 110.34 | H31: 1 | I31: Card | J31: No | L31: 0
A32: C0031 | B32: 45367 | C32: North | D32: Enterprise | E32: Monthly | F32: 29 | G32: 229.97 | H32: 1 | I32: Direct Debit | J32: No | L32: 0
A33: C0032 | B33: 45023 | C33: East | D33: Individual | E33: One Year | F33: 40 | G33: 51.99 | H33: 3 | I33: Card | J33: No | L33: 0
A34: C0033 | B34: 46101 | C34: South | D34: Enterprise | E34: Monthly | F34: 5 | G34: 208.03 | H34: 4 | I34: Bank Transfer | J34: Yes | K34: 46197 | L34: 208.03
A35: C0034 | B35: 45509 | C35: West | D35: Individual | E35: Monthly | F35: 24 | G35: 45.95 | H35: 1 | I35: Bank Transfer | J35: No | L35: 0
A36: C0035 | B36: 45038 | C36: East | D36: Individual | E36: Two Year | F36: 40 | G36: 40.87 | H36: 2 | I36: Card | J36: No | L36: 0
A37: C0036 | B37: 46077 | C37: North | D37: Small Business | E37: Two Year | F37: 6 | G37: 82.26 | H37: 0 | I37: Card | J37: No | L37: 0
A38: C0037 | B38: 45640 | C38: West | D38: Small Business | E38: Monthly | F38: 20 | G38: 94.47 | H38: 5 | I38: Bank Transfer | J38: No | L38: 0
A39: C0038 | B39: 46174 | C39: West | D39: Small Business | E39: Monthly | F39: 2 | G39: 90.61 | H39: 4 | I39: Card | J39: No | L39: 0
A40: C0039 | B40: 45325 | C40: East | D40: Small Business | E40: Monthly | F40: 30 | G40: 121.08 | H40: 3 | I40: Direct Debit | J40: No | L40: 0
A41: C0040 | B41: 45843 | C41: West | D41: Enterprise | E41: Monthly | F41: 13 | G41: 179.16 | H41: 4 | I41: Card | J41: No | L41: 0
A42: C0041 | B42: 46031 | C42: North | D42: Enterprise | E42: Monthly | F42: 7 | G42: 176.83 | H42: 2 | I42: Card | J42: No | L42: 0
A43: C0042 | B43: 46033 | C43: West | D43: Small Business | E43: One Year | F43: 7 | G43: 74.72 | H43: 2 | I43: Card | J43: No | L43: 0
A44: C0043 | B44: 45414 | C44: South | D44: Individual | E44: Two Year | F44: 27 | G44: 55.8 | H44: 2 | I44: Direct Debit | J44: No | L44: 0
A45: C0044 | B45: 45424 | C45: North | D45: Small Business | E45: Monthly | F45: 27 | G45: 73.16 | H45: 3 | I45: Card | J45: No | L45: 0
A46: C0045 | B46: 46068 | C46: North | D46: Enterprise | E46: One Year | F46: 6 | G46: 198.45 | H46: 0 | I46: Direct Debit | J46: No | L46: 0
A47: C0046 | B47: 45998 | C47: South | D47: Small Business | E47: Monthly | F47: 8 | G47: 127.56 | H47: 3 | I47: Card | J47: No | L47: 0
A48: C0047 | B48: 46083 | C48: South | D48: Individual | E48: Monthly | F48: 5 | G48: 59.34 | H48: 3 | I48: Bank Transfer | J48: Yes | K48: 46220 | L48: 59.34
A49: C0048 | B49: 45938 | C49: East | D49: Individual | E49: Monthly | F49: 10 | G49: 40.96 | H49: 4 | I49: Bank Transfer | J49: No | L49: 0
A50: C0049 | B50: 45826 | C50: East | D50: Individual | E50: Monthly | F50: 14 | G50: 63.8 | H50: 3 | I50: Card | J50: No | L50: 0
A51: C0050 | B51: 46098 | C51: South | D51: Individual | E51: Monthly | F51: 5 | G51: 36.16 | H51: 4 | I51: Card | J51: Yes | K51: 46139 | L51: 36.16
A52: C0051 | B52: 46144 | C52: West | D52: Individual | E52: Monthly | F52: 3 | G52: 55.83 | H52: 7 | I52: Card | J52: No | L52: 0
A53: C0052 | B53: 46214 | C53: West | D53: Individual | E53: Monthly | F53: 1 | G53: 55.49 | H53: 6 | I53: Direct Debit | J53: Yes | K53: 46245 | L53: 55.49
A54: C0053 | B54: 45560 | C54: North | D54: Enterprise | E54: One Year | F54: 23 | G54: 256.5 | H54: 2 | I54: Card | J54: No | L54: 0
A55: C0054 | B55: 45006 | C55: East | D55: Individual | E55: Monthly | F55: 41 | G55: 50.22 | H55: 0 | I55: Direct Debit | J55: Yes | K55: 45074 | L55: 50.22
A56: C0055 | B56: 45513 | C56: North | D56: Small Business | E56: One Year | F56: 24 | G56: 119.14 | H56: 1 | I56: Card | J56: No | L56: 0
A57: C0056 | B57: 46107 | C57: North | D57: Small Business | E57: Monthly | F57: 5 | G57: 119.66 | H57: 3 | I57: Bank Transfer | J57: Yes | K57: 46220 | L57: 119.66
A58: C0057 | B58: 46216 | C58: North | D58: Small Business | E58: Two Year | F58: 1 | G58: 90.1 | H58: 6 | I58: Bank Transfer | J58: Yes | K58: 46246 | L58: 90.1
A59: C0058 | B59: 45985 | C59: East | D59: Enterprise | E59: One Year | F59: 9 | G59: 145.57 | H59: 4 | I59: Direct Debit | J59: Yes | K59: 46083 | L59: 145.57
A60: C0059 | B60: 45267 | C60: West | D60: Small Business | E60: One Year | F60: 32 | G60: 89.99 | H60: 0 | I60: Direct Debit | J60: No | L60: 0
A61: C0060 | B61: 45415 | C61: West | D61: Individual | E61: Monthly | F61: 27 | G61: 38.41 | H61: 4 | I61: Bank Transfer | J61: No | L61: 0
A62: C0061 | B62: 45845 | C62: South | D62: Individual | E62: One Year | F62: 13 | G62: 40.46 | H62: 0 | I62: Direct Debit | J62: No | L62: 0
A63: C0062 | B63: 45711 | C63: East | D63: Individual | E63: Monthly | F63: 18 | G63: 63.6 | H63: 2 | I63: Card | J63: No | L63: 0
A64: C0063 | B64: 45160 | C64: West | D64: Small Business | E64: Monthly | F64: 36 | G64: 80.86 | H64: 2 | I64: Card | J64: No | L64: 0
A65: C0064 | B65: 45821 | C65: North | D65: Individual | E65: One Year | F65: 14 | G65: 64.4 | H65: 4 | I65: Bank Transfer | J65: No | L65: 0
A66: C0065 | B66: 45120 | C66: North | D66: Small Business | E66: Two Year | F66: 37 | G66: 119.61 | H66: 4 | I66: Direct Debit | J66: Yes | K66: 45734 | L66: 119.61
A67: C0066 | B67: 45391 | C67: West | D67: Enterprise | E67: Monthly | F67: 28 | G67: 241.42 | H67: 2 | I67: Bank Transfer | J67: No | L67: 0
A68: C0067 | B68: 45243 | C68: South | D68: Enterprise | E68: Monthly | F68: 33 | G68: 261.62 | H68: 1 | I68: Bank Transfer | J68: Yes | K68: 46163 | L68: 261.62
A69: C0068 | B69: 46040 | C69: South | D69: Individual | E69: Monthly | F69: 7 | G69: 46.83 | H69: 4 | I69: Direct Debit | J69: No | L69: 0
A70: C0069 | B70: 45859 | C70: South | D70: Small Business | E70: Monthly | F70: 13 | G70: 114.14 | H70: 5 | I70: Bank Transfer | J70: Yes | K70: 46145 | L70: 114.14
A71: C0070 | B71: 45515 | C71: West | D71: Small Business | E71: Monthly | F71: 24 | G71: 84.12 | H71: 5 | I71: Direct Debit | J71: Yes | K71: 45895 | L71: 84.12
A72: C0071 | B72: 45085 | C72: East | D72: Small Business | E72: One Year | F72: 38 | G72: 84.73 | H72: 7 | I72: Direct Debit | J72: No | L72: 0
A73: C0072 | B73: 45482 | C73: East | D73: Individual | E73: Monthly | F73: 25 | G73: 54.09 | H73: 4 | I73: Direct Debit | J73: No | L73: 0
A74: C0073 | B74: 45331 | C74: South | D74: Small Business | E74: Monthly | F74: 30 | G74: 100.09 | H74: 7 | I74: Card | J74: No | L74: 0
A75: C0074 | B75: 45305 | C75: West | D75: Enterprise | E75: Monthly | F75: 31 | G75: 153.22 | H75: 2 | I75: Direct Debit | J75: No | L75: 0
A76: C0075 | B76: 46120 | C76: North | D76: Individual | E76: Monthly | F76: 4 | G76: 52.45 | H76: 1 | I76: Direct Debit | J76: No | L76: 0
A77: C0076 | B77: 46040 | C77: North | D77: Individual | E77: One Year | F77: 7 | G77: 43.33 | H77: 0 | I77: Direct Debit | J77: No | L77: 0
A78: C0077 | B78: 45737 | C78: East | D78: Enterprise | E78: One Year | F78: 17 | G78: 232.02 | H78: 4 | I78: Direct Debit | J78: No | L78: 0
A79: C0078 | B79: 45482 | C79: South | D79: Enterprise | E79: Monthly | F79: 25 | G79: 211.72 | H79: 3 | I79: Bank Transfer | J79: No | L79: 0
A80: C0079 | B80: 45969 | C80: West | D80: Enterprise | E80: Monthly | F80: 9 | G80: 175.13 | H80: 6 | I80: Card | J80: No | L80: 0
A81: C0080 | B81: 45526 | C81: West | D81: Individual | E81: Monthly | F81: 24 | G81: 57.02 | H81: 2 | I81: Card | J81: No | L81: 0
A82: C0081 | B82: 46045 | C82: East | D82: Enterprise | E82: Monthly | F82: 7 | G82: 230 | H82: 4 | I82: Direct Debit | J82: No | L82: 0
A83: C0082 | B83: 45032 | C83: South | D83: Small Business | E83: One Year | F83: 40 | G83: 84.22 | H83: 6 | I83: Bank Transfer | J83: No | L83: 0
A84: C0083 | B84: 45708 | C84: West | D84: Enterprise | E84: Monthly | F84: 18 | G84: 172.14 | H84: 0 | I84: Card | J84: No | L84: 0
A85: C0084 | B85: 46029 | C85: North | D85: Enterprise | E85: Monthly | F85: 7 | G85: 150.53 | H85: 4 | I85: Bank Transfer | J85: Yes | K85: 46159 | L85: 150.53
A86: C0085 | B86: 45995 | C86: North | D86: Individual | E86: Monthly | F86: 8 | G86: 41.84 | H86: 6 | I86: Direct Debit | J86: Yes | K86: 46195 | L86: 41.84
A87: C0086 | B87: 46215 | C87: East | D87: Small Business | E87: Monthly | F87: 1 | G87: 72.18 | H87: 2 | I87: Bank Transfer | J87: Yes | K87: 46246 | L87: 72.18
A88: C0087 | B88: 45194 | C88: South | D88: Small Business | E88: Monthly | F88: 35 | G88: 123.76 | H88: 4 | I88: Card | J88: Yes | K88: 45708 | L88: 123.76
A89: C0088 | B89: 45915 | C89: South | D89: Small Business | E89: Monthly | F89: 11 | G89: 128.51 | H89: 1 | I89: Card | J89: Yes | K89: 46155 | L89: 128.51
A90: C0089 | B90: 46035 | C90: North | D90: Small Business | E90: Monthly | F90: 7 | G90: 129.96 | H90: 3 | I90: Bank Transfer | J90: No | L90: 0
A91: C0090 | B91: 45788 | C91: North | D91: Small Business | E91: One Year | F91: 15 | G91: 115.44 | H91: 6 | I91: Bank Transfer | J91: No | L91: 0
A92: C0091 | B92: 45285 | C92: North | D92: Individual | E92: One Year | F92: 32 | G92: 39.38 | H92: 3 | I92: Bank Transfer | J92: No | L92: 0
A93: C0092 | B93: 46219 | C93: South | D93: Small Business | E93: Monthly | F93: 1 | G93: 122.56 | H93: 1 | I93: Direct Debit | J93: No | L93: 0
A94: C0093 | B94: 45573 | C94: East | D94: Small Business | E94: Monthly | F94: 22 | G94: 121.38 | H94: 1 | I94: Card | J94: No | L94: 0
A95: C0094 | B95: 45476 | C95: North | D95: Small Business | E95: One Year | F95: 25 | G95: 92.52 | H95: 2 | I95: Card | J95: No | L95: 0
A96: C0095 | B96: 45066 | C96: North | D96: Individual | E96: Monthly | F96: 39 | G96: 51.7 | H96: 2 | I96: Bank Transfer | J96: No | L96: 0
A97: C0096 | B97: 46164 | C97: South | D97: Enterprise | E97: Monthly | F97: 3 | G97: 241.51 | H97: 1 | I97: Bank Transfer | J97: No | L97: 0
A98: C0097 | B98: 45796 | C98: East | D98: Small Business | E98: Monthly | F98: 15 | G98: 88.4 | H98: 2 | I98: Bank Transfer | J98: No | L98: 0
A99: C0098 | B99: 45446 | C99: West | D99: Small Business | E99: Two Year | F99: 26 | G99: 103.96 | H99: 3 | I99: Card | J99: No | L99: 0
A100: C0099 | B100: 46026 | C100: North | D100: Small Business | E100: Two Year | F100: 7 | G100: 86.56 | H100: 1 | I100: Card | J100: No | L100: 0
A101: C0100 | B101: 44933 | C101: South | D101: Individual | E101: Monthly | F101: 43 | G101: 63.28 | H101: 4 | I101: Bank Transfer | J101: No | L101: 0
...

Sheet Analysis
A1: AUTOMATED CHURN ANALYSIS
A3: KPI | B3: Value
A4: Total Customers | B4: =COUNTA(Customer_Data!A2:A301) -> 300
A5: Churned Customers | B5: =COUNTIF(Customer_Data!J2:J301,"Yes") -> 65
A6: Churn Rate | B6: =IFERROR(B5/B4,0) -> 0.21666667
A7: Monthly Revenue at Risk | B7: =SUMIF(Customer_Data!J2:J301,"Yes",Customer_Data!L2:L301) -> 6353.49
A8: Avg Tenure - Churned | B8: =IFERROR(AVERAGEIF(Customer_Data!J2:J301,"Yes",Customer_Data!F2:F301),0) -> 17.861538
A11: CHURN BY CONTRACT | G11: CHURN BY REGION
A12: Contract | B12: Customers | C12: Churned | D12: Churn Rate | E12: Revenue at Risk | G12: Region | H12: Customers | I12: Churned | J12: Churn Rate
A13: Monthly | B13: =COUNTIF(Customer_Data!$E$2:$E$301,A13) -> 168 | C13: =COUNTIFS(Customer_Data!$E$2:$E$301,A13,Customer_Data!$J$2:$J$301,"Yes") -> 45 | D13: =IFERROR(C13/B13,0) -> 0.26785714 | E13: =SUMIFS(Customer_Data!$L$2:$L$301,Customer_Data!$E$2:$E$301,A13,Customer_Data!$J$2:$J$301,"Yes") -> 4563.78 | G13: North | H13: =COUNTIF(Customer_Data!$C$2:$C$301,G13) -> 79 | I13: =COUNTIFS(Customer_Data!$C$2:$C$301,G13,Customer_Data!$J$2:$J$301,"Yes") -> 19 | J13: =IFERROR(I13/H13,0) -> 0.24050633
A14: One Year | B14: =COUNTIF(Customer_Data!$E$2:$E$301,A14) -> 89 | C14: =COUNTIFS(Customer_Data!$E$2:$E$301,A14,Customer_Data!$J$2:$J$301,"Yes") -> 14 | D14: =IFERROR(C14/B14,0) -> 0.15730337 | E14: =SUMIFS(Customer_Data!$L$2:$L$301,Customer_Data!$E$2:$E$301,A14,Customer_Data!$J$2:$J$301,"Yes") -> 1349.13 | G14: South | H14: =COUNTIF(Customer_Data!$C$2:$C$301,G14) -> 72 | I14: =COUNTIFS(Customer_Data!$C$2:$C$301,G14,Customer_Data!$J$2:$J$301,"Yes") -> 16 | J14: =IFERROR(I14/H14,0) -> 0.22222222
A15: Two Year | B15: =COUNTIF(Customer_Data!$E$2:$E$301,A15) -> 43 | C15: =COUNTIFS(Customer_Data!$E$2:$E$301,A15,Customer_Data!$J$2:$J$301,"Yes") -> 6 | D15: =IFERROR(C15/B15,0) -> 0.13953488 | E15: =SUMIFS(Customer_Data!$L$2:$L$301,Customer_Data!$E$2:$E$301,A15,Customer_Data!$J$2:$J$301,"Yes") -> 440.58 | G15: East | H15: =COUNTIF(Customer_Data!$C$2:$C$301,G15) -> 71 | I15: =COUNTIFS(Customer_Data!$C$2:$C$301,G15,Customer_Data!$J$2:$J$301,"Yes") -> 16 | J15: =IFERROR(I15/H15,0) -> 0.22535211
G16: West | H16: =COUNTIF(Customer_Data!$C$2:$C$301,G16) -> 78 | I16: =COUNTIFS(Customer_Data!$C$2:$C$301,G16,Customer_Data!$J$2:$J$301,"Yes") -> 14 | J16: =IFERROR(I16/H16,0) -> 0.17948718
A19: CHURN BY TENURE | G19: CHURN BY CUSTOMER TYPE
A20: Tenure | B20: Customers | C20: Churned | D20: Churn Rate | E20: Revenue at Risk | G20: Type | H20: Customers | I20: Churned | J20: Churn Rate | K20: Revenue at Risk
A21: 0-6 | B21: =COUNTIFS(Customer_Data!$F$2:$F$301,">=0",Customer_Data!$F$2:$F$301,"<=6") -> 60 | C21: =COUNTIFS(Customer_Data!$F$2:$F$301,">=0",Customer_Data!$F$2:$F$301,"<=6",Customer_Data!$J$2:$J$301,"Yes") -> 24 | D21: =IFERROR(C21/B21,0) -> 0.4 | E21: =SUMIFS(Customer_Data!$L$2:$L$301,Customer_Data!$F$2:$F$301,">=0",Customer_Data!$F$2:$F$301,"<=6",Customer_Data!$J$2:$J$301,"Yes") -> 2295.37 | G21: Individual | H21: =COUNTIF(Customer_Data!$D$2:$D$301,G21) -> 120 | I21: =COUNTIFS(Customer_Data!$D$2:$D$301,G21,Customer_Data!$J$2:$J$301,"Yes") -> 27 | J21: =IFERROR(I21/H21,0) -> 0.225 | K21: =SUMIFS(Customer_Data!$L$2:$L$301,Customer_Data!$D$2:$D$301,G21,Customer_Data!$J$2:$J$301,"Yes") -> 1301.36
A22: 7-12 | B22: =COUNTIFS(Customer_Data!$F$2:$F$301,">=7",Customer_Data!$F$2:$F$301,"<=12") -> 40 | C22: =COUNTIFS(Customer_Data!$F$2:$F$301,">=7",Customer_Data!$F$2:$F$301,"<=12",Customer_Data!$J$2:$J$301,"Yes") -> 8 | D22: =IFERROR(C22/B22,0) -> 0.2 | E22: =SUMIFS(Customer_Data!$L$2:$L$301,Customer_Data!$F$2:$F$301,">=7",Customer_Data!$F$2:$F$301,"<=12",Customer_Data!$J$2:$J$301,"Yes") -> 903.73 | G22: Small Business | H22: =COUNTIF(Customer_Data!$D$2:$D$301,G22) -> 97 | I22: =COUNTIFS(Customer_Data!$D$2:$D$301,G22,Customer_Data!$J$2:$J$301,"Yes") -> 26 | J22: =IFERROR(I22/H22,0) -> 0.26804124 | K22: =SUMIFS(Customer_Data!$L$2:$L$301,Customer_Data!$D$2:$D$301,G22,Customer_Data!$J$2:$J$301,"Yes") -> 2651.91
A23: 13-24 | B23: =COUNTIFS(Customer_Data!$F$2:$F$301,">=13",Customer_Data!$F$2:$F$301,"<=24") -> 78 | C23: =COUNTIFS(Customer_Data!$F$2:$F$301,">=13",Customer_Data!$F$2:$F$301,"<=24",Customer_Data!$J$2:$J$301,"Yes") -> 10 | D23: =IFERROR(C23/B23,0) -> 0.12820513 | E23: =SUMIFS(Customer_Data!$L$2:$L$301,Customer_Data!$F$2:$F$301,">=13",Customer_Data!$F$2:$F$301,"<=24",Customer_Data!$J$2:$J$301,"Yes") -> 857.46 | G23: Enterprise | H23: =COUNTIF(Customer_Data!$D$2:$D$301,G23) -> 83 | I23: =COUNTIFS(Customer_Data!$D$2:$D$301,G23,Customer_Data!$J$2:$J$301,"Yes") -> 12 | J23: =IFERROR(I23/H23,0) -> 0.14457831 | K23: =SUMIFS(Customer_Data!$L$2:$L$301,Customer_Data!$D$2:$D$301,G23,Customer_Data!$J$2:$J$301,"Yes") -> 2400.22
A24: 25+ | B24: =COUNTIFS(Customer_Data!$F$2:$F$301,">=25",Customer_Data!$F$2:$F$301,"<=999") -> 122 | C24: =COUNTIFS(Customer_Data!$F$2:$F$301,">=25",Customer_Data!$F$2:$F$301,"<=999",Customer_Data!$J$2:$J$301,"Yes") -> 23 | D24: =IFERROR(C24/B24,0) -> 0.18852459 | E24: =SUMIFS(Customer_Data!$L$2:$L$301,Customer_Data!$F$2:$F$301,">=25",Customer_Data!$F$2:$F$301,"<=999",Customer_Data!$J$2:$J$301,"Yes") -> 2296.93
G26: DATA QUALITY CHECK
G27: Blank Customer IDs | H27: =COUNTBLANK(Customer_Data!A2:A301) -> 0
G28: Blank Regions | H28: =COUNTBLANK(Customer_Data!C2:C301) -> 0
G29: Blank Churn Status | H29: =COUNTBLANK(Customer_Data!J2:J301) -> 0
G30: Negative Charges | H30: =COUNTIF(Customer_Data!G2:G301,"<0") -> 0

Sheet Dashboard
A1: CUSTOMER CHURN DASHBOARD
A3: Customers | D3: Churned | G3: Churn Rate | J3: Revenue at Risk
A4: =Analysis!B4 -> 300 | D4: =Analysis!B5 -> 65 | G4: =Analysis!B6 -> 0.21666667 | J4: =Analysis!B7 -> 6353.49
A7: Customer churn overview
A8: The charts highlight the customer segments with higher churn risk.
